code,name
510010,180治理ETF交银
510020,超大盘ETF博时
510030,价值ETF
510040,上证180ETF鹏华
510050,上证50ETF
510060,央企ETF工银
510090,责任ETF建信
510100,上证50ETF易方达
510130,上证中盘ETF易方达
510150,消费ETF
510160,产业升级ETF南方
510170,大宗商品ETF
510180,上证180ETF
510190,上证50ETF华安
510200,上证券商ETF汇安
510210,上证指数ETF
510230,金融ETF
510270,国企ETF
510290,上证380ETF南方
510300,沪深300ETF华泰柏瑞
510310,沪深300ETF易方达
510320,沪深300ETF中金
510330,沪深300ETF华夏
510350,沪深300ETF工银
510360,沪深300ETF广发
510370,沪深300ETF兴业
510380,沪深300ETF国寿
510390,沪深300ETF平安
510410,资源ETF博时
510500,中证500ETF
510510,中证500ETF广发
510530,中证500ETF工银
510550,方正中证500ETF
510560,中证500ETF国寿
510570,中证500ETF兴业
510580,中证500ETF易方达
510590,中证500ETF平安
510600,上证50ETF申万菱信
510630,消费ETF华夏
510650,金融地产ETF华夏
510660,医药ETF华夏
510670,上证180ETF华夏
510680,上证50ETF万家
510710,上证50ETF博时
510720,红利国企ETF国泰
510760,上证指数ETF国泰
510770,G60创新ETF申万菱信
510800,上证50ETF建信
510810,上海国企ETF汇添富
510850,上证50ETF工银
510880,红利ETF华泰柏瑞
510950,上证50ETF广发
510980,上证指数ETF汇添富
510990,180ESGETF工银
512000,券商ETF
512010,医药ETF易方达
512020,A500ETF鹏华
512030,中证A50增强ETF易方达
512040,价值100ETF
512050,A500ETF基金
512060,中证A100ETF天弘
512070,证券保险ETF易方达
512080,A500ETF中金
512090,MSCIA股ETF易方达
512100,中证1000ETF
512120,医药50ETF
512130,全指现金流ETF鹏华
512150,富时A50ETF汇安
512160,MSCI中国A股ETF南方
512170,医疗ETF
512180,MSCIA股ETF建信
512190,浙商之江凤凰ETF
512200,房地产ETF
512220,TMTETF
512240,A50ETF鹏华
512250,A50ETF招商
512260,中证500低波动ETF
512290,生物医药ETF
512330,信息科技ETF南方
512360,MSCI中国A股ETF基金
512370,A500增强ETF华夏
512380,MSCI中国ETF银华
512390,平安MSCI低波ETF
512400,有色金属ETF
512480,半导体ETF
512500,中证500ETF华夏
512510,中证500ETF华泰柏瑞
512520,MSCIETF
512530,沪深300红利ETF建信
512550,富时A50ETF嘉实
512560,军工ETF易方达
512570,证券ETF易方达
512580,环保ETF
512600,消费ETF嘉实
512620,农业ETF天弘
512630,卫星ETF广发
512640,金融地产ETF嘉实
512650,长三角ETF汇添富
512660,军工ETF
512670,国防ETF
512680,军工ETF广发
512690,酒ETF
512700,银行ETF南方
512710,军工龙头ETF
512720,计算机ETF
512730,银行ETF鹏华
512750,基本面50ETF嘉实
512760,芯片ETF
512770,战略新兴ETF
512800,银行ETF
512810,军工ETF华宝
512820,银行ETF汇添富
512870,杭州湾区ETF南华
512880,证券ETF
512890,红利低波ETF华泰柏瑞
512900,证券ETF南方
512910,中证A100ETF
512930,AI人工智能ETF
512950,央企改革ETF华夏
512960,央企结构调整ETF博时
512970,大湾区ETF
512980,传媒ETF
512990,MSCIA股ETF华夏
515000,科技ETF
515010,证券ETF华夏
515020,银行ETF华夏
515030,新能源车ETF
515050,通信ETF华夏
515060,房地产ETF华夏
515070,人工智能AIETF
515080,中证红利ETF
515090,可持续发展ETF博时
515100,红利低波100ETF
515110,一带一路ETF易方达
515120,创新药ETF
515130,沪深300ETF博时
515150,一带一路ETF富国
515160,MSCI中国ETF招商
515170,食品饮料ETF
515180,红利ETF易方达
515190,中证500ETF中银证券
515200,创新100ETF申万菱信
515210,钢铁ETF
515220,煤炭ETF
515230,软件ETF
515250,智能汽车ETF
515260,电子ETF
515290,银行ETF天弘
515300,300红利低波ETF嘉实
515310,沪深300ETF汇添富
515320,电子50ETF
515330,沪深300ETF天弘
515350,沪深300ETF民生加银
515360,方正沪深300ETF
515370,光伏ETF华夏
515380,沪深300ETF泰康
515390,沪深300ETF指数基金
515400,大数据ETF
515450,红利低波50ETF
515530,中证500ETF泰康
515550,中证500ETF国联
515560,证券ETF建信
515580,科技100ETF
515590,500等权ETF
515600,央企创新ETF
515630,证券保险ETF鹏华
515650,消费50ETF
515660,沪深300ETF国联安
515680,央企创新ETF嘉实
515700,新能车ETF
515710,食品饮料ETF华宝
515720,金融科技ETF富国
515730,家居家电ETF永赢
515750,科技50ETF
515760,浙江国资ETF华夏
515770,MSCI中国A股ETF摩根
515790,光伏ETF
515800,800ETF
515810,中证800ETF易方达
515850,证券ETF富国
515860,科技ETF嘉实
515880,通信ETF
515890,红利ETF博时
515900,央企创新ETF博时
515910,质量ETF中金
515920,智能消费ETF博时
515950,医药龙头ETF
515960,医药ETF嘉实
515970,工程机械ETF华夏
515980,人工智能ETF
515990,一带一路ETF汇添富
516000,大数据ETF华夏
516010,游戏ETF
516020,化工ETF
516050,科技龙头ETF工银
516060,创新药ETF工银
516070,低碳ETF易方达
516080,创新药ETF易方达
516090,新能源ETF易方达
516100,金融科技ETF华夏
516110,汽车ETF
516120,化工50ETF
516130,消费龙头ETF
516150,稀土ETF嘉实
516160,新能源ETF
516180,光伏ETF基金
516190,传媒ETF华夏
516200,证券ETF指数基金
516210,银行ETF指数基金
516220,化工ETF国泰
516230,光伏ETF招商
516250,工程机械ETF富国
516260,物联网ETF华夏
516270,新能源50ETF
516290,光伏ETF汇添富
516300,中证1000ETF华泰柏瑞
516310,银行ETF易方达
516320,高端装备ETF华夏
516330,物联网ETF
516350,芯片ETF易方达
516360,新材料ETF
516380,智能电动车ETF
516390,新能源车ETF汇添富
516460,现金流ETF800鹏华
516500,生物科技ETF
516510,云计算ETF易方达
516520,智能驾驶ETF
516530,物流ETF银华
516550,农业ETF嘉实
516560,养老ETF
516570,化工行业ETF易方达
516580,新能源ETF博时
516590,智能汽车ETF易方达
516600,消费服务ETF工银
516610,医疗设备ETF大成
516620,影视ETF
516630,云计算ETF华夏
516640,芯片龙头ETF
516650,有色金属ETF基金
516660,新能源车ETF基金
516670,畜牧养殖ETF
516700,大数据ETF华宝
516710,新材料ETF华夏
516720,ESGETF浦银
516730,证券ETF浦银
516750,建材ETF
516760,养殖ETF
516770,游戏ETF华泰柏瑞
516780,稀土ETF
516790,医疗ETF华泰柏瑞
516800,智能制造ETF
516810,农业ETF华夏
516820,医疗创新ETF
516830,300ESGETF
516850,新能源ETF华夏
516860,金融科技ETF博时
516880,光伏ETF银华
516890,新材料ETF指数基金
516900,食品饮料ETF基金
516910,物流ETF
516920,芯片ETF汇添富
516930,生物科技ETF民生加银
516950,基建ETF银华
516960,机械ETF国泰
516970,基建ETF广发
516980,证券ETF先锋
517000,沪港深500ETF
517010,沪港深500ETF易方达
517030,沪港深300ETF易方达
517050,互联网ETF华泰柏瑞
517080,沪港深500ETF汇添富
517090,央企共赢ETF国泰
517100,沪港深500ETF富国
517110,创新药ETF国泰
517120,创新药ETF华泰柏瑞
517160,长江保护ETF南方
517170,沪港深500ETF华夏
517180,中国国企ETF南方
517200,互联网ETF嘉实
517300,沪港深300ETF国寿
517330,长江保护ETF易方达
517350,沪港深科技ETF广发
517360,科技ETF沪港深
517380,创新药ETF天弘
517390,云计算ETF天弘
517400,黄金股票ETF
517520,黄金股ETF
517550,沪港深消费龙头ETF招商
517660,物联网ETF天弘
517770,游戏传媒ETF浦银
517800,人工智能50ETF
517850,张江ETF汇添富
517880,品牌消费ETF
517900,银行AH优选ETF
517950,沪深港科技50ETF交银
517990,医药ETF沪港深
530000,上证50ETF天弘
530050,上证50ETF东财
530060,上证指数ETF易方达
530080,上证180ETF天弘
530100,上证580ETF易方达
530180,上证180ETF易方达
530280,上证180ETF指数基金
530300,上证180ETF华泰柏瑞
530380,上证380ETF易方达
530530,上证580ETF华夏
530580,上证180ETF南方
530680,上证180ETF兴业
530800,上证180ETF银华
530880,红利国企ETF银河
560000,智能电车ETF浦银
560010,中证1000ETF广发
560020,红利ETF汇添富
560030,800价值ETF汇添富
560050,中国A50ETF汇添富
560060,碳中和ETF汇添富
560070,央企红利ETF汇添富
560080,中药ETF
560090,证券ETF汇添富
560100,中证500增强ETF南方
560110,中证1000ETF汇添富
560120,现金流500ETF
560130,食品ETF鹏华
560150,红利低波ETF泰康
560160,食品ETF易方达
560170,央企科技ETF南方
560180,沪深300ESGETF南方
560190,公用事业ETF
560220,中证2000ETF广发
560230,光伏ETF富国
560260,医疗ETF广发
560280,工程机械ETF
560290,有色ETF景顺
560300,电信ETF汇添富
560330,沪深300价值ETF申万菱信
560350,中证A50ETF摩根
560360,软件ETF万家
560380,A100ETF南方
560500,500质量成长ETF
560510,中证A500ETF
560520,红利低波100ETF大成
560530,中证A500ETF摩根
560550,碳中和ETF广发
560560,碳中和ETF泰康
560570,A500红利ETF
560580,电力ETF南方
560590,中证1000增强ETF鹏华
560610,A500指数ETF
560620,公用事业ETF万家
560630,机器人ETF万家
560650,核心50ETF民生加银
560660,云计算50ETF新华
560680,消费ETF广发
560690,电信ETF鹏华
560700,央企红利ETF广发
560710,船舶ETF
560750,A500ETF申万菱信
560770,机器人指数ETF
560780,半导体设备ETF广发
560800,数字经济ETF
560810,央企ESGETF融通
560820,中证A50ETF新华
560850,信创ETF汇添富
560860,工业有色ETF万家
560880,家电ETF广发
560890,红利低波ETF新华
560900,创新药ETF摩根
560950,中证500增强ETF汇添富
560980,光伏龙头ETF广发
560990,科技先锋ETF中金
561000,沪深300ETF增强基金
561010,软件ETF基金
561060,国企红利ETF
561080,自由现金流ETF中证全指
561090,中证A500增强ETF
561100,消费电子ETF富国
561120,家电ETF
561130,国货ETF富国
561160,锂电池ETF
561170,绿色电力ETF
561180,A100ETF
561190,碳中和ETF富国
561200,中证A100ETF工银
561220,数字经济ETF工银
561230,中证A50ETF工银
561260,能源ETF工银
561280,中证1000增强ETF工银
561300,沪深300增强ETF国泰
561310,消电ETF国泰
561320,交运ETF
561330,矿业ETF
561350,中证500ETF国泰
561360,石油ETF
561370,中证2000ETF国泰
561380,电网ETF
561500,漂亮50ETF
561510,中药ETF华泰柏瑞
561550,500增强ETF
561560,电力ETF
561570,油气ETF华泰柏瑞
561580,央企红利ETF华泰柏瑞
561590,中证1000增强ETF
561600,消费电子ETF
561660,通用航空ETF基金
561680,中证A500红利低波ETF
561700,电力ETF博时
561750,A50ETF博时
561760,油气ETF博时
561770,A100ETF博时
561780,1000增强ETF博时
561790,央企能源ETF博时
561800,稀有金属ETF基金
561870,自由现金流ETF全指
561880,A100ETF基金
561900,沪深300ESGETF招商
561910,电池ETF
561920,疫苗龙头ETF
561930,沪深300ETF招商
561950,中证500增强ETF招商
561960,央企回报ETF招商
561980,半导体设备ETF
561990,沪深300增强ETF招商
562000,中证A100ETF基金
562010,绿色能源ETF
562030,信创ETF基金
562050,药ETF
562060,标普A股红利ETF华宝
562070,沪深300指增ETF
562080,300现金流ETF
562300,碳中和ETF银华
562310,沪深300成长ETF银华
562320,沪深300价值ETF银华
562330,中证500价值ETF银华
562340,中证500成长ETF银华
562350,电力ETF银华
562360,机器人ETF银华
562380,央企科技ETF银华
562390,中药ETF银华
562500,机器人ETF
562510,旅游ETF
562520,中证1000成长ETF
562530,中证1000价值ETF
562550,绿电ETF
562560,信息技术ETF
562570,信创ETF
562580,可选消费ETF
562590,半导体设备ETF华夏
562600,医疗器械ETF
562660,中证2000ETF华夏
562700,汽车零部件ETF
562800,稀有金属ETF
562810,上证指数增强ETF嘉实
562820,集成电路ETF嘉实
562850,央企能源ETF嘉实
562860,疫苗ETF嘉实
562870,证券ETF嘉实
562880,电池ETF嘉实
562890,A50ETF嘉实
562900,农业ETF易方达
562910,高端制造ETF易方达
562920,信息安全ETF易方达
562930,软件ETF易方达
562950,消费电子ETF易方达
562960,绿色电力ETF易方达
562970,光伏ETF易方达
562990,碳中和ETF易方达
563000,中国A50ETF易方达
563010,电信ETF易方达
563020,红利低波ETF易方达
563030,中证500增强ETF易方达
563050,央企科技ETF易方达
563060,央企50ETF易方达
563080,中证A50ETF易方达
563090,上证50增强ETF易方达
563150,油气ETF银华
563180,高股息ETF
563200,中证2000ETF富国
563210,专精特新ETF
563220,中证A500ETF富国
563230,卫星ETF
563280,A50增强ETF富国
563300,中证2000ETF
563320,通用航空ETF
563330,A股ETF
563350,中证A50ETF
563360,A500ETF华泰柏瑞
563380,航空航天ETF
563390,现金流ETF全指
563500,A500ETF华宝
563510,A500红利低波ETF易方达
563520,沪深300ETF永赢
563530,卫星ETF易方达
563550,A500增强ETF摩根
563570,金融科技ETF兴业
563580,自由现金流800ETF万家
563590,A500红利低波动ETF国寿
563600,A500增强ETF易方达
563620,全指现金流ETF兴业
563630,A500增强ETF国联安
563650,中证A500ETF兴业
563660,A500ETF银河
563670,金融科技ETF鹏华
563680,800现金流ETF汇添富
563690,红利低波ETF永赢
563700,红利价值ETF易方达
563750,中证500ETF汇添富
563760,全指自由现金流ETF
563770,全指现金流ETF
563780,现金流全指ETF
563790,卫星ETF鹏华
563800,A500ETF龙头
563830,全指现金流ETF博时
563850,食品ETF广发
563860,中证A500ETF海富通
563870,通用航空ETF鹏华
563880,A500ETF汇添富
563890,国企红利ETF创金合信
563900,300自由现金流ETF摩根
563930,上证增强ETF
563960,300质量ETF兴全
563980,800红利低波ETF鑫元
563990,800现金流ETF
588000,科创50ETF
588010,科创新材料ETF博时
588020,科创成长ETF易方达
588030,科创100ETF博时
588040,科创50ETF鹏华
588050,科创50ETF工银
588060,科创50ETF广发
588070,科创成长ETF万家
588080,科创50ETF易方达
588090,科创50ETF华泰柏瑞
588100,科创信息ETF嘉实
588110,科创成长ETF
588120,科创100ETF国泰
588130,科创医药ETF华夏
588140,科创200ETF广发
588150,科创50ETF南方
588160,科创新材料ETF南方
588170,科创半导体ETF
588180,科创50ETF基金
588190,科创100ETF
588200,科创芯片ETF
588210,科创100ETF易方达
588220,科创100ETF鹏华
588230,科创200ETF
588240,科创200ETF鹏华
588250,科创生物医药ETF
588260,科创信息ETF
588270,科创200ETF易方达
588280,科创50ETF指数基金
588290,科创芯片ETF基金
588300,科创创业50ETF招商
588310,双创ETF基金
588320,双创50ETF增强
588330,双创龙头ETF
588350,双创50ETF基金
588360,科创创业ETF国泰
588370,科创50增强ETF南方
588380,双创50ETF
588390,科创创业ETF博时
588400,科创创业ETF嘉实
588410,科创创业人工智能ETF鹏华
588420,科创创业人工智能ETF摩根
588430,科创创业人工智能ETF工银
588450,科创50增强ETF招商
588460,科创50增强ETF
588500,科创100增强ETF易方达
588520,科创增强ETF
588550,科创综指增强ETF易方达
588660,科创创业50ETF基金
588670,科创综指增强ETF嘉实
588680,科创100ETF增强指数基金
588690,科创增强ETF银华
588700,科创医药ETF嘉实
588710,科创半导体设备ETF
588720,科创50ETF中银
588730,科创人工智能ETF易方达
588750,科创芯片ETF汇添富
588760,科创人工智能ETF广发
588770,科创信息ETF摩根
588780,科创芯片设计ETF
588790,科创AIETF博时
588800,科创100ETF华夏
588810,科创芯片ETF富国
588820,科创200ETF华夏
588830,科创新能源ETF
588840,科创50ETF万家
588850,科创机械ETF嘉实
588860,科创医药ETF工银
588870,科创50ETF汇添富
588880,科创100ETF华泰柏瑞
588890,科创芯片ETF南方
588900,科创100ETF南方
588910,科创价值ETF建信
588920,科创芯片ETF鹏华
588930,科创人工智能ETF银华
588940,科创50ETF富国
588950,科创50ETF景顺
588960,科创板新能源ETF
588980,科创100ETF广发
588990,科创芯片ETF博时
589000,科创综指ETF华夏
589010,科创人工智能ETF华夏
589020,科创半导体设备ETF鹏华
589030,科创芯片设计ETF易方达
589050,科创综指ETF兴业
589060,科创综指ETF东财
589070,科创芯片设计ETF天弘
589080,科创综指ETF汇添富
589090,科创AIETF鹏华
589100,科创芯片ETF国泰
589110,科创人工智能ETF国泰
589120,科创创新药ETF汇添富
589130,科创芯片ETF易方达
589150,科创50ETF平安
589160,科创芯片ETF广发
589170,科创芯片设计ETF鹏华
589180,科创新材料ETF汇添富
589190,科创芯片ETF华宝
589200,科创200ETF工银
589210,科创芯片设计ETF广发
589220,科创200ETF国泰
589230,科创人工智能ETF南方
589300,科创综指ETF嘉实
589380,科创AIETF富国
589500,科创综指ETF工银
589520,科创人工智能ETF华宝
589550,科创价值ETF华夏
589560,科创人工智能ETF汇添富
589580,科创综指ETF兴银
589600,科创综指ETF富国
589630,科创综指ETF国泰
589660,科创综指ETF南方
589680,科创综指ETF鹏华
589700,科创成长ETF南方
589720,科创创新药ETF国泰
589770,科创综指ETF招商
589780,科创200ETF富国
589800,科创综指ETF易方达
589820,科创200ETF建信
589850,科创50ETF东财
589860,科创综指ETF天弘
589880,科创综指ETF建信
589890,科创综指ETF景顺
589900,科创综指ETF博时
589950,科创100ETF富国
589960,科创新能源ETF易方达
589980,科创100ETF汇添富
589990,科创综指ETF华泰柏瑞
